Time (s),Humidity (%)
-0.001466523,0
0.999103393,0
1.999673194,0
3.000243172,0
3.998325887,0
4.998898636,0
5.999468395,0
7.000038227,0
8.000608372,0
8.998676660,0
9.999246502,0
