Time (s),Processor Temperature (degC),Sensor Temperature (degC),Barometer Temperature (degC)
-0.001466523,69.58211,53.5,24
0.999103393,67.90364,53.5,24
1.999673194,69.58211,53.5,24
3.000243172,67.90364,53.5,24
3.998325887,69.58211,53.5,24
4.998898636,69.58211,53.5,24
5.999468395,69.58211,53.5,24
7.000038227,69.58211,53.5,24
8.000608372,69.58211,53.5,24
8.998676660,67.90364,53.5,24
9.999246502,69.58211,53.5,24
