Time (s),Humidity (%)
0.962833139,11.03906
1.963999699,10.1543
2.962658330,10.59082
3.963813442,10.94434
4.964968762,10.99121
5.963801035,10.49609
6.964956012,10.49609
7.963614611,10.47266
8.964769515,11.59277
9.965924440,11.15625
