Time (s),Processor Temperature (degC),Sensor Temperature (degC),Barometer Temperature (degC)
0.962833139,71.2606,54.5,34.998
1.963999699,71.2606,54.5,34.998
2.962658330,69.58211,54.5,34.998
3.963813442,71.2606,54.5,34.998
4.964968762,69.58211,54.5,34.998
5.963801035,71.2606,54.5,34.998
6.964956012,69.58211,54.5,34.998
7.963614611,71.2606,54.5,34.998
8.964769515,71.2606,54.5,34.998
9.965924440,71.2606,54.5,34.998
