Time (s),Humidity (%)
0.338397316,11.14941
1.338549177,12.35742
2.338700767,11.30176
3.338852316,11.90039
4.339004188,11.60742
5.339165612,11.12598
6.339440751,10.72754
7.339592623,11.25488
8.339743984,12.82715
9.339895419,12.52148
10.340050718,11.68945
