Time (s),Processor Temperature (degC),Sensor Temperature (degC),Barometer Temperature (degC)
0.338397316,69.58211,53.5,34.806
1.338549177,67.90364,53.5,34.806
2.338700767,69.58211,53.5,34.806
3.338852316,69.58211,53.5,34.806
4.339004188,69.58211,53.5,34.806
5.339165612,69.58211,53.5,34.806
6.339440751,67.90364,53.5,34.806
7.339592623,69.58211,53.5,34.806
8.339743984,69.58211,53,34.806
9.339895419,69.58211,53.5,34.806
10.340050718,69.58211,53.5,34.806
